"1","Kabul","Afghanistan","34.52813","69.17233","4.5","0","1"
"2","Adelaide","Australia","-34.92866","138.59863","9.5","0","1"
"3","Brisbane","Australia","-27.46794","153.02809","10.0","0","1"
"4","Canberra","Australia","-35.28346","149.12807","10.0","0","1"
"5","Ipswitch","Australia","-27.60286","152.76146","10.0","0","1"
"6","Melbourne","Australia","-37.815018","144.946014","10.0","1","1"
"7","Nambour","Australia","-26.629045","152.956467","10.0","0","1"
"8","Perth","Australia","-31.953512","115.857048","8.0","0","1"
"9","Rockhampton","Australia","23.38032","150.50595","10.0","0","1"
"10","Sydney","Australia","-33.865143","151.2099","10.0","0","1"
"11","Swan hill","Australia","-35.33781","143.5544","10.0","0","1"
"12","Nowra","Australia","-34.878","150.575","10.0","0","1"
"13","Manama","Bahrain","26.201","50.606998","3.0","0","1"
"14","Chittagong","Bangladesh","23.038628","91.51844","6.0","0","1"
"15","Dhaka","Bangladesh","23.777176","90.399452","6.0","0","1"
"16","Brussels","Belgium","50.85045","4.34878","1.0","0","1"
"17","Rio branco","Brazil","-9.97472","-67.8099976","-4.0","0","1"
"18","Brunei Darussalam","Brunei","4.5352769","114.7276688","8.0","0","1"
"19","Douala","Cameroon","4.061536","9.786072000000001","1.0","0","1"
"20","Calgary","Canada","51.0486","-114.0708","-7.0","0","1"
"21","Chatham","Canada","42.4","-82.1833","-5.0","0","1"
"22","Edmonton","Canada","53.5","-113.5","-7.0","0","1"
"23","Fort Mcmurray","Canada","56.732014","-111.375961","-7.0","0","1"
"24","Guelph","Canada","43.5833","-80.33329999999999","-5.0","0","1"
"25","Halifax","Canada","44.65107","-63.582687","-4.0","0","1"
"26","Hamilton","Canada","43.25","-79.83329999999999","-5.0","0","1"
"27","Kingston","Canada","44.2333","-76.5","-5.0","0","1"
"28","Kitchener","Canada","43.45","-80.4833","-5.0","0","1"
"30","Mississauga","Canada","43.5667","-79.65000000000001","-5.0","0","1"
"31","Montreal","Canada","45.5","-73.58329999999999","-5.0","0","1"
"32","Moose Factory","Canada","51.27309","-80.64005299999999","-5.0","0","1"
"33","Ottawa","Canada","45.45","-75.7","-5.0","0","1"
"34","Peterborough","UK","52.57364","-0.24777","0.0","1","1"
"35","Saint john","Canada","45.273918","-66.067657","-4.0","0","1"
"36","Saskatoon","Canada","52.146973","-106.647034","-6.0","0","1"
"37","St. Catharines","Canada","43.159374","-79.246864","-5.0","0","1"
"38","St. Hyacinthe","Canada","45.6667","-72.9667","-5.0","0","1"
"39","Thorold","Canada","43.1167","-79.2","-5.0","0","1"
"40","Toronto","Canada","43.761539","-79.411079","-5.0","0","1"
"41","Vancouver","Canada","49.25","-123.1667","-8.0","0","1"
"42","Winnipeg - MB","Canada","49.895077","-97.138451","-6.0","0","1"
"43","Beijing","China","39.913818","116.363625","8.0","0","1"
"44","Guangzhou","China","23.128994","113.25325","8.0","0","1"
"45","Hong Kong","China","22.286394","114.149139","8.0","0","1"
"46","Shanghai","China","31.267401","121.522179","8.0","0","1"
"47","Wuxi","China","31.565372","120.327583","8.0","0","1"
"48","Yiwu","China","29.31506","120.07676","8.0","0","1"
"49","Nicosia","Cyprus","35.185566","33.382275","2.0","0","1"
"50","Prague","Czech Republic","50.08804","14.42076","1.0","0","1"
"51","Copenhagen","Denmark","55.676098","12.568337","1.0","0","1"
"52","Cairo","Egypt","30.045916","31.224291","2.0","0","1"
"53","Helsinki","Finland","60.192059","24.945831","2.0","0","1"
"54","Tampere","Finland","61.504967","23.743065","2.0","0","1"
"55","Montpellier","France","43.61092","3.8772299","1.0","0","1"
"56","Nimes","France","43.83333","4.35","1.0","0","1"
"57","Paris","France","48.864716","2.349014","1.0","0","1"
"58","Milhaud","France","43.78977","4.31035","1.0","0","1"
"59","Berlin","Germany","52.520008","13.404954","1.0","0","1"
"60","Darmstad","Germany","49.878708","8.646927","1.0","0","1"
"61","Frankfurt","Germany","50.110924","8.682126999999999","1.0","0","1"
"62","Hamburg","Germany","53.551086","9.993682","1.0","0","1"
"63","Munich","Germany","48.137154","11.576124","1.0","0","1"
"64","Budapest","Hungary","47.497913","19.040236","1.0","0","1"
"65","Ahmedabad","India","23.033863","72.585022","5.5","0","1"
"66","Akola","India","20.70000000","77.03330000","5.5","0","1"
"67","Ambikapur","India","23.25000000","83.25000000","5.5","0","1"
"68","Amla-mp","India","21.9333","78.1167","5.5","0","1"
"69","Amravati","India","20.91670000","77.75000000","5.5","0","1"
"70","Amreli","India","21.58330000","71.28330000","5.5","0","1"
"71","Amritsar","India","31.58330000","74.95000000","5.5","0","1"
"72","Aurangabad","India","19.83330000","75.38330000","5.5","0","1"
"73","Bagasra","India","21.50000000","71.00000000","5.5","0","1"
"74","Bangalore","India","12.98330000","77.66670000","5.5","0","1"
"75","Baramati","India","18.15000000","74.58333300","5.5","0","1"
"76","Bari Sadri","India","24.46670000","74.50000000","5.5","0","1"
"77","Baroda","India","22.33330000","73.16670000","5.5","0","1"
"78","Betul","India","21.96670000","77.98330000","5.5","0","1"
"79","Bhopal","India","23.33330000","77.50000000","5.5","0","1"
"80","Bhubaneshwar","India","20.23333330","85.08333330","5.5","0","1"
"81","Bhuj","India","23.26666670","69.66666670","5.5","0","1"
"82","Bijapur","India","16.13333330","75.11666670","5.5","0","1"
"83","Bilaspur","India","22.02000000","82.15000000","5.5","0","1"
"84","Bundi","India","25.45000000","75.65000000","5.5","0","1"
"85","Burhanpur","India","21.30000000","76.23333330","5.5","0","1"
"86","Calicut","India","11.25000000","75.76666670","5.5","0","1"
"87","Chandrapur","India","19.95000000","79.30000000","5.5","0","1"
"88","Chennai","India","13.067439","80.237617","5.5","0","1"
"89","Chhoti Sadri","India","24.38333330","74.70000000","5.5","0","1"
"90","Coimbatore","India","11.00000000","77.00000000","5.5","0","1"
"91","Cuttack","India","20.05000000","85.08333330","5.5","0","1"
"92","Dahod","India","22.835602","74.255989","5.5","0","1"
"93","Dewas","India","22.58333330","76.06666670","5.5","0","1"
"94","Dholka","India","22.71666670","72.46666670","5.5","0","1"
"95","Galiakot","India","23.86666670","74.00000000","5.5","0","1"
"96","Gondia","India","21.46666670","80.48333330","5.5","0","1"
"97","Guwahati","India","26.01666670","91.10000000","5.5","0","1"
"98","Hyderabad","Pakistan","25.3833","68.40000000000001","5.0","0","1"
"99","Indore","India","22.71666670","75.83333330","5.5","0","1"
"100","Jabalpur","India","23.16666670","79.95000000","5.5","0","1"
"101","Jamnagar","India","22.46666670","70.06666670","5.5","0","1"
"102","Jamshedpur","India","22.80000000","86.18333330","5.5","0","1"
"103","Khambat","India","22.30000000","72.61666670","5.5","0","1"
"104","Khandala","India","18.76670000","73.36670000","5.5","0","1"
"105","Kolhapur","India","16.70000000","74.21666670","5.5","0","1"
"106","Kolkata","India","22.572645","88.363892","5.5","0","1"
"107","Kota","India","25.18333330","75.83333330","5.5","0","1"
"108","Kushalgarh","India","23.16666670","74.45000000","5.5","0","1"
"109","Lonavala","India","18.75000000","73.41666670","5.5","0","1"
"110","Lucknow","India","26.85000000","80.91666670","5.5","0","1"
"111","Ludhiana","India","30.15000000","76.41666670","5.5","0","1"
"112","Mahuva","India","21.08333330","71.80000000","5.5","0","1"
"113","Malkapur","India","20.86666670","76.20000000","5.5","0","1"
"114","Managalore","India","12.86666670","74.88333330","5.5","0","1"
"115","Mandasaur","India","24.06666670","75.06666670","5.5","0","1"
"116","Mandvi Kutch","India","22.35000000","69.60000000","5.5","0","1"
"117","Mumbai","India","19.07283","72.88261","5.5","0","1"
"118","Mhow","India","22.55000000","75.76666670","5.5","0","1"
"119","Morbi","India","22.81666670","70.90000000","5.5","0","1"
"120","Multai","India","21.76666670","78.25000000","5.5","0","1"
"121","Mundra","India","23.41666670","70.21666670","5.5","0","1"
"122","Mysore","India","12.30000000","76.65000000","5.5","0","1"
"123","Nagpur","India","21.16666670","79.20000000","5.5","0","1"
"124","Nasik","India","19.98333330","73.80000000","5.5","0","1"
"125","New delhi","India","28.6448","77.216721","5.5","0","1"
"126","Pachora","India","20.66666670","75.35000000","5.5","0","1"
"127","Palitana","India","21.51666670","71.08333330","5.5","0","1"
"128","Panaji","India","15.48333330","73.83333330","5.5","0","1"
"129","Pandharpur","India","17.68333330","75.38333330","5.5","0","1"
"130","Panvel","India","19.63333330","73.01666670","5.5","0","1"
"131","Parbhani","India","19.26666670","76.78333330","5.5","0","1"
"132","Patna","India","25.59409470","85.13756450","5.5","0","1"
"133","Pune","India","18.516726","73.856255","5.5","0","1"
"134","Rajgarh - MP","India","24.00000000","76.11666670","5.5","0","1"
"135","Rajkot","India","22.31666670","70.78333330","5.5","0","1"
"136","Rajula","India","21.05000000","71.43333330","5.5","0","1"
"137","Ranthambhore Park","India","25.13333330","76.10000000","5.5","0","1"
"138","Ratlam","India","23.55000000","75.06666670","5.5","0","1"
"139","Sagar - MP","India","23.83333330","78.71666670","5.5","0","1"
"140","Sagwara","India","23.68333330","74.01666670","5.5","0","1"
"141","Sawarkundla","India","21.33333330","71.30000000","5.5","0","1"
"142","Sehore","India","23.20000000","77.08333330","5.5","0","1"
"143","Seoni","India","22.08333330","79.55000000","5.5","0","1"
"144","Sidhpur","India","23.91666670","72.38333330","5.5","0","1"
"145","Sironj","India","24.10000000","77.70000000","5.5","0","1"
"146","Surat","India","21.17024","72.831062","5.5","0","1"
"147","Surendranagar","India","22.70000000","71.68333330","5.5","0","1"
"148","Suwasra","India","24.10000000","75.60000000","5.5","0","1"
"149","Tadpatri","India","14.91666670","78.01666670","5.5","0","1"
"150","Taloda","India","21.56666670","74.21666670","5.5","0","1"
"151","Tirupur","India","11.08333330","77.36666670","5.5","0","1"
"152","Udaipur","India","24.58330000","73.68330000","5.5","0","1"
"153","Ujjain (mp)","India","23.1793","75.784912","5.5","0","1"
"154","Umreth","India","22.70000000","73.11666670","5.5","0","1"
"155","Una","India","20.81666670","71.03333330","5.5","0","1"
"156","Vadodara","India","22.30000000","73.20000000","5.5","0","1"
"157","Vapi","India","20.36666670","72.83333330","5.5","0","1"
"158","Vishakapatnam","India","17.71666670","83.45000000","5.5","0","1"
"159","Wada","India","20.25000000","73.38333330","5.5","0","1"
"160","Wankaner","India","22.61666670","70.93333330","5.5","0","1"
"161","Yavatmal","India","20.40000000","78.13333330","5.5","0","1"
"162","Satara","India","17.73330000","73.96670000","5.5","0","1"
"163","Chandigarh","India","30.71670000","76.78330000","5.5","0","1"
"164","Bhavnagar","India","21.75000000","72.16670000","5.5","0","1"
"165","Jhalra patan","India","24.55000000","76.16670000","5.5","0","1"
"166","Cochin","India","9.96670000","76.33330000","5.5","0","1"
"167","Tiruchchirappalli","India","10.75000000","78.75000000","5.5","0","1"
"168","Wadhwancity","India","22.70000000","71.68333330","5.5","0","1"
"169","Sami","India","23.68333000","71.78333000","5.5","0","1"
"170","Jalgoan","India","21.08330000","75.66670000","5.5","0","1"
"171","Jaipur","India","27.00000000","75.83330000","5.5","0","1"
"172","Bharuch","India","21.75000000","73.00000000","5.5","0","1"
"173","Banswara","India","23.55000000","74.45000000","5.5","0","1"
"174","Barnagar","India","23.11670000","75.31670000","5.5","0","1"
"175","Shamgarh","India","24.18330000","75.63330000","5.5","0","1"
"176","Dhanera","India","24.52000000","72.02000000","5.5","0","1"
"177","Radhanpur","India","23.83000000","71.60000000","5.5","0","1"
"178","Balaghat","India","21.80000000","80.20000000","5.5","0","1"
"179","Pulgaon","India","20.73000000","78.33000000","5.5","0","1"
"180","Shahada","India","21.55000000","74.47000000","5.5","0","1"
"181","Salem","India","11.66943700","78.14086500","5.5","0","1"
"182","Godhra","India","22.77730000","73.62030000","5.5","0","1"
"183","Chhota udaipur (gj)","India","22.1912","74.036","5.5","0","1"
"184","Matheraan","India","18.31000000","73.51000000","5.5","0","1"
"185","Mubarakpur","India","26.09000000","83.17000000","5.5","0","1"
"186","Pratapgarh","India","25.03000000","74.78000000","5.5","0","1"
"187","Wardha","India","20.74420000","78.60270000","5.5","0","1"
"188","Mungeli","India","22.06666700","81.68333300","5.5","0","1"
"189","Amalner (mh)","India","21.05","75.07","5.5","0","1"
"190","Khandwa","India","21.83333300","76.33333300","5.5","0","1"
"191","Vatwa","India","23.09615000","72.81665000","5.5","0","1"
"192","Dahanu","India","19.96666700","72.73333300","5.5","0","1"
"193","Limbdi (Kathiyawad)","India","22.56666700","71.80000000","5.5","0","1"
"194","Junagadh","India","21.51666700","70.46666700","5.5","0","1"
"195","Mehsana (gj)","India","23.597","72.385","5.5","0","1"
"196","Alirajpur","India","22.30000000","74.35000000","5.5","0","1"
"197","Muktainagar","India","21.03900000","76.06000000","5.5","0","1"
"198","Palanpur (gj)","India","24.20000000","72.48330000","5.5","0","1"
"199","Damnagar","India","21.70000000","71.51666700","5.5","0","1"
"200","Khergam","India","20.79040000","73.01940000","5.5","0","1"
"201","Kesur (MP)","India","22.62349000","75.32609000","5.5","0","1"
"202","Sheopur (MP)","India","25.40000000","76.42000000","5.5","0","1"
"203","Rajnandgaon","India","21.10000000","81.03000000","5.5","0","1"
"204","Gurgaon (hr)","India","28.47","77.03","5.5","0","1"
"205","Prakasha (mh)","India","21.56531","74.33431","5.5","0","1"
"206","Solapur (mh)","India","17.68","75.92","5.5","0","1"
"207","Barwala (gj)","India","22.14435","71.94251","5.5","0","1"
"208","Belgaum","India","15.51000000","74.37000000","5.5","0","1"
"209","Kotma","India","23.12000000","81.58000000","5.5","0","1"
"210","Nandurbar","India","21.37000000","74.25000000","5.5","0","1"
"211","Rampura","India","24.28000000","75.26000000","5.5","0","1"
"212","Alote","India","23.76214000","75.55991000","5.5","0","1"
"213","Viramgam","India","23.12363800","72.05274200","5.5","0","1"
"214","Sangamner","India","19.57713900","74.20796500","5.5","0","1"
"215","Kankroli (rj)","India","25.06667","73.88333","5.5","0","1"
"216","Khamgaon","India","20.71162200","76.56612800","5.5","0","1"
"217","Dungarpur","India","23.50000000","73.44000000","5.5","0","1"
"218","Khargone","India","21.83352400","75.61498900","5.5","0","1"
"219","Kapadwanj","India","23.02000000","73.07000000","5.5","0","1"
"220","Sonkatch","India","22.97293500","76.34690100","5.5","0","1"
"221","Bhabra","India","32.22886800","73.21903200","5.5","0","1"
"222","Pondicherry","India","11.91386000","79.81447200","5.5","0","1"
"223","Vasind","India","19.40659900","73.26759800","5.5","0","1"
"224","Barwaha (mp)","India","22.253243","76.040792","5.5","0","1"
"225","Ajmer","India","26.45000000","74.64000000","5.5","0","1"
"226","Hoshangabad","India","22.74612800","77.71935600","5.5","0","1"
"227","Secunderabad","India","17.43993000","78.49827600","5.5","0","1"
"228","Alibaug","India","18.65112500","72.86827900","5.5","0","1"
"229","Badlapur","India","19.16678400","73.23679400","5.5","0","1"
"230","Kalyan","India","19.24243900","73.12019300","5.5","0","1"
"231","Virar","India","19.46562200","72.80609900","5.5","0","1"
"232","Anuppur","India","23.11365500","81.69763200","5.5","0","1"
"233","Sunel","India","24.37157600","75.95822900","5.5","0","1"
"234","Nathdwara","India","24.92914000","73.82132000","5.5","0","1"
"235","Nagar","India","26.46391500","75.20269000","5.5","0","1"
"236","Goa","India","15.29932650","74.12399600","5.5","0","1"
"237","Ashta","India","23.01804740","76.71597190","5.5","0","1"
"238","Karjat","India","19.53527778","73.55000000","5.5","0","1"
"239","Thane","India","19.16666667","72.95000000","5.5","0","1"
"240","Daman","India","20.41666667","72.85000000","5.5","0","1"
"241","Navsari","India","20.85000000","72.91666667","5.5","0","1"
"242","Porbandar","India","21.65000000","69.60000000","5.5","0","1"
"243","Gondal","India","21.96666667","70.80000000","5.5","0","1"
"244","Barwani","India","22.03000000","74.89999000","5.5","0","1"
"245","Harda","India","22.56666660","77.15000000","5.5","0","1"
"246","Anand","India","22.56086900","72.95477290","5.5","0","1"
"247","Nadiad","India","22.68952900","72.85724600","5.5","0","1"
"248","Gandhidham","India","23.07116800","70.13539200","5.5","0","1"
"249","Lunavada","India","23.13325720","73.61607400","5.5","0","1"
"250","Ranchi","India","23.34409970","85.30956200","5.5","0","1"
"251","Guna","India","24.64488000","77.31015800","5.5","0","1"
"252","Akluj","India","17.88730000","75.02036290","5.5","0","1"
"253","Amet","India","25.30000000","73.93000000","5.5","0","1"
"254","Ankleshwar","India","21.62660200","73.01192000","5.5","0","1"
"255","Babra","India","21.84416700","71.30416700","5.5","0","1"
"256","Sadri","India","25.00551700","74.06305870","5.5","0","1"
"257","Bhusawal","India","21.04737100","75.78765900","5.5","0","1"
"258","Bhanpura","India","24.51318210","75.74732400","5.5","0","1"
"259","Bilimora","India","20.77021990","72.96257790","5.5","0","1"
"260","Chabra","India","24.66316200","76.84374600","5.5","0","1"
"261","Chalala","India","21.70000000","71.28333333","5.5","0","1"
"262","Chas","India","19.03459110","74.64955829","5.5","0","1"
"263","Chechat","India","24.72496000","75.97783690","5.5","0","1"
"264","Dhinoj","India","23.66480000","72.28078950","5.5","0","1"
"265","Dhulia","India","20.89970000","74.76900000","5.5","0","1"
"266","Itarsi","India","22.60980100","77.76942000","5.5","0","1"
"267","Jaora","India","23.63000000","75.13000000","5.5","0","1"
"268","Jasdan","India","22.03938200","71.20880000","5.5","0","1"
"269","Jawad","India","24.59415100","74.86270900","5.5","0","1"
"270","Khachrod","India","23.42000000","75.28000000","5.5","0","1"
"271","Kheroda","India","24.57971400","74.06514000","5.5","0","1"
"272","Lathi","India","21.72305500","71.38638000","5.5","0","1"
"273","Neral","India","19.02460300","73.31571000","5.5","0","1"
"274","Panchgani","India","17.92037000","73.79385400","5.5","0","1"
"275","Pachmarhi (mp)","India","22.46670000","78.43330000","5.5","0","1"
"276","Parsola","India","23.95598600","74.36461000","5.5","0","1"
"277","Partapur","India","23.60000000","74.17000000","5.5","0","1"
"278","Pen","India","18.73488000","73.09660100","5.5","0","1"
"279","Pipariya","India","22.75000000","78.35000000","5.5","0","1"
"280","Ranala","India","21.34532370","74.39539900","5.5","0","1"
"281","Salumber","India","24.13813000","74.04201000","5.5","0","1"
"282","Sanjeli","India","23.05927290","73.97052000","5.5","0","1"
"283","Thakhtpur","India","22.13769000","81.86981600","5.5","0","1"
"284","Thandla","India","23.00677000","74.57854800","5.5","0","1"
"285","Udhna","India","21.08330000","72.88329000","5.5","0","1"
"286","Upleta","India","21.73972200","70.28138800","5.5","0","1"
"287","Ghogha (gj)","India","22.13333333","72.46666667","5.5","0","1"
"288","Rau (Indore)","India","22.63659900","75.81549300","5.5","0","1"
"289","Sambalpur (Orissa)","India","21.46622190","83.97516400","5.5","0","1"
"290","Partapgarh (up)","India","25.89440000","81.93880000","5.5","0","1"
"291","Kalawad","India","22.20628000","70.37745500","5.5","0","1"
"292","Ahmednagar","India","19.08000000","74.73000000","5.5","0","1"
"293","Dongaon","India","19.89517880","75.16619520","5.5","0","1"
"294","Halvad","India","23.02000000","71.18000000","5.5","0","1"
"295","Kamlapur","India","24.63252330","77.44571810","5.5","0","1"
"296","Maisaheba(Dandi)","India","21.33333330","72.63333330","5.5","0","1"
"297","Ranpur","India","22.37520000","71.68980000","5.5","0","1"
"298","Selavi","India","23.71066080","72.26893280","5.5","0","1"
"299","Devgadh baria","India","22.70220000","73.91500000","5.5","0","1"
"300","Shajapur (MP)","India","23.43000000","76.27000000","5.5","0","1"
"301","Neemuch (MP)","India","24.45000000","74.87000000","5.5","0","1"
"302","Denpasar-Bali","Indonesia","-8.65","115.216667","8.0","0","1"
"303","Surabaya","Indonesia","-7.23333","112.75","7.0","0","1"
"304","Tehran","Iran","35.715298","51.404343","3.5","0","1"
"305","Baghdad","Iraq","33.312805","44.361488","3.0","0","1"
"306","Karbala","Iraq","32.61603","44.02488","3.0","0","1"
"307","Najaf","Iraq","32.0259399","44.3462486","3.0","0","1"
"308","Clonmel","Ireland","52.355","-7.70389","0.0","0","1"
"309","Dublin","Ireland","53.35014","-6.266155","0.0","0","1"
"310","Dundalk","Ireland","54","-6.41667","0.0","0","1"
"311","Galway","Ireland","53.270962","-9.062690999999999","0.0","0","1"
"312","Limerick","Ireland","52.668018","-8.630497999999999","0.0","0","1"
"313","Jerusalem","Israel","31.771959","35.217018","2.0","0","1"
"314","Florence","Italy","43.769562","11.255814","1.0","0","1"
"315","Milan","Italy","45.464211","9.191383","1.0","0","1"
"316","Rome","Italy","41.890251","12.492373","1.0","0","1"
"317","Osaka","Japan","34.6937408","135.502182","9.0","0","1"
"318","Tokyo","Japan","35.652832","139.839478","9.0","0","1"
"319","Amman","Jordan","31.963158","35.930359","2.0","0","1"
"320","Kitui","Kenya","-1.36696","38.0105515","3.0","0","1"
"321","Mombasa","Kenya","-4.036878","39.669571","3.0","0","1"
"322","Nairobi","Kenya","-1.362863","36.834583","3.0","0","1"
"323","Malindi","Kenya","-3.219186","40.11689","3.0","0","1"
"324","Kuwait city","Kuwait","29.378586","47.990341","3.0","0","1"
"325","Luxembourg","Luxembourg","49.611622","6.131935","1.0","0","1"
"326","Ambilobe","Madagascar","-13.2026","49.0514","3.0","0","1"
"327","Diego","Madagascar","-12.2787","49.29171","3.0","0","1"
"328","Majunga","Madagascar","-15.71667","46.31667","3.0","0","1"
"329","Nosy Be","Madagascar","-13.4167","48.25","3.0","0","1"
"330","Tulear","Madagascar","-23.35","43.66667","3.0","0","1"
"331","Antananarivo","Madagascar","-18.91368","47.53613","3.0","0","1"
"332","Fortdauphin","Madagascar","-25.03249","46.98329","3.0","0","1"
"333","Toamasina, tamatave","Madagascar","-18.1492","49.40234","3.0","0","1"
"334","Sambava","Madagascar","-14.26667","50.16667","3.0","0","1"
"335","Ambanja","Madagascar","-13.68333","48.45","3.0","0","1"
"336","Morarano ouest","Madagascar","-20.93333","44.35","3.0","0","1"
"337","Morarano sud","Madagascar","-19.85","47.37","3.0","0","1"
"338","Maintirano","Madagascar","-18.06354","44.02951","3.0","0","1"
"339","Morondava","Madagascar","-20.28869","44.31782","3.0","0","1"
"340","Klang","Malaysia","3.03333","101.45","8.0","0","1"
"341","Kuala Lumpur","Malaysia","3.135185","101.686066","8.0","0","1"
"342","Penang","Malaysia","5.4253","100.312386","8.0","0","1"
"343","Port louis","Mauritius","-20.1667","57.5","4.0","0","1"
"344","Dzaoudzi","Mayotte","-12.7833333","45.2833333","3.0","0","1"
"345","Mayotte","Mayotte","-12.8275","45.1662","3.0","0","1"
"346","Rangoon","Myanmar","17.132582","96.141762","6.5","0","1"
"347","Delft","Netherlands","52.012665","4.355894","1.0","0","1"
"348","Eindhoven","Netherlands","51.44083","51.44083","1.0","0","1"
"349","Groningen","Netherlands","53.219383","6.566502","1.0","0","1"
"350","Heerlen","Netherlands","50.88365","5.98154","1.0","0","1"
"351","Tilburg","Netherlands","51.55551","5.0913","1.0","0","1"
"352","Auckland","New Zealand","-36.848461","174.763336","12.0","0","1"
"353","Niamey","Niger","13.5166667","2.11666667","1.0","0","1"
"354","Abuja","Nigeria","9.072264000000001","7.491302","1.0","0","1"
"355","Lagos","Nigeria","6.45","3.46666667","1.0","0","1"
"356","Bergen","Norway","60.397076","5.324383","1.0","0","1"
"357","Fredrikstad","Norway","59.2181015","10.9298","1.0","0","1"
"358","Oslo","Norway","59.911491","10.757933","1.0","0","1"
"359","Sarpsborg","Norway","59.284073","11.109403","1.0","0","1"
"360","Voss","Norway","60.62869","6.41474","1.0","0","1"
"361","Muscat","Oman","23.614328","58.545284","4.0","0","1"
"362","Salalah","Oman","17.019722","54.089722","4.0","0","1"
"363","Abbottabad","Pakistan","34.168751","73.221497","5.0","0","1"
"364","Badin","Pakistan","24.6560001","68.83699799999999","5.0","0","1"
"365","Hyderabad","Pakistan","25.3833","68.40000000000001","5.0","0","1"
"366","Islamabad","Pakistan","33.738045","73.08448799999999","5.0","0","1"
"367","Karachi","Pakistan","24.946218","67.00561500000001","5.0","0","1"
"368","Lahore","Pakistan","31.5333","74.36669999999999","5.0","0","1"
"369","Multan","Pakistan","30.176157","71.454048","5.0","0","1"
"370","Quetta","Pakistan","30.18327","66.99645200000001","5.0","0","1"
"371","Manila","Philippines","14.599512","120.984222","8.0","0","1"
"372","Warsaw","Poland","52.237049","21.017532","1.0","0","1"
"373","Lisbon","Portugal","38.736946","-9.142685","0.0","0","1"
"374","Porto","Portugal","41.145821","-8.613985","0.0","0","1"
"375","Doha","Qatar","25.286106","51.534817","3.0","0","1"
"376","Saint-denis","France","48.93333","2.36667","1.0","0","1"
"377","Bucharest","Romania","44.439663","26.096306","2.0","0","1"
"378","Moscow","Russia","55.751244","37.618423","3.0","0","1"
"379","Dammam","Saudi Arabia","26.39925","49.98436","3.0","0","1"
"380","Hofuf","Saudi Arabia","26.39925","49.98436","3.0","0","1"
"381","Jeddah","Saudi Arabia","21.472973","39.199612","3.0","0","1"
"382","Jubail","Saudi Arabia","26.39925","49.98436","3.0","0","1"
"383","Mecca","Saudi Arabia","21.42251","39.826168","3.0","0","1"
"384","Medina","Saudi Arabia","24.470901","39.612236","3.0","0","1"
"385","Riyadh","Saudi Arabia","24.774265","46.738586","3.0","0","1"
"386","Yanbu","Saudi Arabia","24.186848","38.026428","3.0","0","1"
"387","Singapore","Singapore","1.28967","103.85007","8.0","0","1"
"388","Cape town","South Africa","-33.918861","18.4233","2.0","0","1"
"389","Durban","South Africa","-29.8579","31.0292","2.0","0","1"
"390","Johannesburg","South Africa","-26.195246","28.034088","2.0","0","1"
"391","Seoul","South Korea","37.5326","127.024612","9.0","0","1"
"392","Madrid","Spain","40.416775","-3.70379","1.0","0","1"
"393","Valencia","Spain","39.46975","-0.37739","1.0","0","1"
"394","Granada","Spain","37.496651","-2.767181","1.0","0","1"
"395","Colombo","Sri Lanka","6.927079","79.861244","5.5","0","1"
"396","Gothenburg","Sweden","57.70887","11.97456","1.0","0","1"
"397","Jonkoping","Sweden","57.78145","14.15618","1.0","0","1"
"398","Molndal","Sweden","57.6554","12.01378","1.0","0","1"
"399","Pitea","Sweden","65.31717","21.47944","1.0","0","1"
"400","Stockholm","Sweden","59.334591","18.06324","1.0","0","1"
"401","Vasteras","Sweden","59.6099","16.5448","1.0","0","1"
"402","Mariestad","Sweden","58.06670000","13.83330000","1.0","0","1"
"403","Bern","Switzerland","46.947456","7.451123","1.0","0","1"
"404","Geneva","Switzerland","46.204391","6.143158","1.0","0","1"
"405","Zurich","Switzerland","47.451542","8.564572","1.0","0","1"
"406","Damascus","Syria","33.510414","36.278336","2.0","0","1"
"407","Dar-es-salaam","Tanzania","-6.81281","39.273933","3.0","0","1"
"408","Iringa","Tanzania","-7.76667","35.7","3.0","0","1"
"409","Mbeya","Tanzania","-8.8999996","33.4500008","3.0","0","1"
"410","Morogoro","Tanzania","-6.830373","37.670589","3.0","0","1"
"411","Mwanza","Tanzania","-2.51667","32.9000015","3.0","0","1"
"412","Tanga","Tanzania","-5.06893","39.09875","3.0","0","1"
"413","Bangkok","Thailand","13.736717","100.523186","7.0","0","1"
"414","Ankara","Turkey","39.925533","32.866287","2.0","0","1"
"415","Giresun","Turkey","40.91698","38.38741","2.0","0","1"
"416","Istanbul","Turkey","41.015137","28.97953","2.0","0","1"
"417","Trabzon","Turkey","41.0050011","39.7269402","2.0","0","1"
"418","Abu Dhabi","UAE","24.466667","54.366669","4.0","0","1"
"419","Ajman","UAE","25.41111","55.43504","4.0","0","1"
"420","Al ain","UAE","24.2075","55.74472","4.0","0","1"
"421","Dubai","UAE","25.276987","55.296249","4.0","0","1"
"422","Sharjah","UAE","25.322327","55.513641","4.0","0","1"
"423","Kampala","Uganda","0.347596","32.58252","3.0","0","1"
"424","Aberdeen","UK","57.149651","-2.099075","0.0","0","1"
"425","Basingstoke","UK","51.26249","-1.08708","0.0","0","1"
"426","Birmingham","UK","52.489471","-1.898575","0.0","0","1"
"427","Blackburn - lancashire","UK","53.75","-2.48333","0.0","0","1"
"428","Bolton","UK","53.60659","-2.429451","0.0","0","1"
"429","Bradford","UK","53.79391","-1.75206","0.0","0","1"
"430","Brighton","UK","50.82793","-0.168749","0.0","0","1"
"431","Cambridge","UK","52.205067","0.10776","0.0","0","1"
"432","Cardiff","UK","51.481583","-3.17909","0.0","0","1"
"433","Coventry","UK","52.40831","-1.507118","0.0","0","1"
"434","Eastbourne","UK","50.768036","0.290472","0.0","0","1"
"435","Edinburgh","UK","55.953251","-3.188267","0.0","0","1"
"436","Exeter","UK","50.7236","-3.52751","0.0","0","1"
"437","Fife","UK","56.148895","-3.256773","0.0","0","1"
"438","Gainsborough","UK","53.38333","-0.76667","0.0","0","1"
"439","Glasgow","UK","55.873543","-4.289058","0.0","0","1"
"440","Hartlepool","UK","54.691746","-1.212926","0.0","0","1"
"441","Hove","UK","50.82793","-0.168749","0.0","0","1"
"442","Kirkcaldy","UK","56.11683","-3.15999","0.0","0","1"
"443","Lancing","UK","50.82882","-0.32247","0.0","0","1"
"444","Leed","UK","53.801277","-1.548567","0.0","0","1"
"445","Leicester","UK","52.56802","-1.346074","0.0","0","1"
"446","Liverpool","UK","53.41058","-2.97794","0.0","0","1"
"447","Livingston","UK","55.90288","-3.52261","0.0","0","1"
"449","Manchester","UK","53.483959","-2.244644","0.0","0","1"
"450","Mellor","UK","53.3934","-2.04065234","0.0","0","1"
"451","Morley","UK","53.74013","-1.59877","0.0","0","1"
"452","Newcastle","UK","54.97328","-1.61396","0.0","0","1"
"453","Newhaven","UK","50.79307","0.045574","0.0","0","1"
"454","Northhampton","UK","52.240479","-0.902656","0.0","0","1"
"455","Nottingham","UK","52.9536","-1.15047","0.0","0","1"
"456","Oxford","UK","51.752022","-1.257677","0.0","0","1"
"457","Peacehaven","UK","50.7927","-0.00652","0.0","0","1"
"458","Peterborough","UK","52.57364","-0.24777","0.0","0","1"
"459","Reading","UK","51.45625","-0.97113","0.0","0","1"
"460","Seaford","UK","50.79023","0.088627","0.0","0","1"
"461","Sheffield","UK","53.38297","-1.4659","0.0","0","1"
"462","Stevenage","UK","51.90224","-0.20256","0.0","0","1"
"463","Worthing","UK","50.825024","-0.383835","0.0","0","1"
"464","Bristol","UK","51.454514","-2.58791","0.0","0","1"
"465","Albany","USA","42.65258","-73.756233","-5.0","1","1"
"466","Alpharetta","USA","34.075375","-84.29409","-5.0","1","1"
"467","Altamonte Spr","USA","28.66111","-81.36562000000001","-5.0","1","1"
"468","Anchorage","USA","61.217381","-149.863129","-9.0","1","1"
"469","Arlington - TX","USA","32.73569","-97.10807","-6.0","1","1"
"470","Athens","USA","39.329239","-82.101257","-5.0","1","1"
"471","Atlanta","USA","33.753746","-84.38633","-5.0","1","1"
"472","Austin","USA","30.143347","-97.833595","-6.0","1","1"
"473","Bakersfield","USA","35.376175","-119.022102","-8.0","1","1"
"474","Baltimore","USA","39.299236","-76.60938299999999","-5.0","1","1"
"475","Bartlett - il","USA","42.03336","88.083405","-6.0","1","1"
"476","Baton Rouge","USA","30.471165","-91.147385","-6.0","1","1"
"477","Beaumont","USA","30.081987","-94.118637","-6.0","1","1"
"478","Birmingham - al","USA","33.543682","-86.779633","-6.0","1","1"
"480","Boise","USA","43.618881","-116.215019","-7.0","1","1"
"481","Boston","USA","42.364506","-71.038887","-5.0","1","1"
"482","Buffalo","USA","42.88023","-78.878738","-5.0","1","1"
"483","Burlington","USA","44.475883","-73.212074","-5.0","1","1"
"484","Cameron","USA","30.858027","-96.975975","-6.0","0","1"
"485","Champaign","USA","40.11642","-88.243385","-6.0","1","1"
"486","Charlotte","USA","35.227085","-80.843124","-5.0","1","1"
"487","Cherry Hill","USA","39.926811","-75.02462800000001","-5.0","1","1"
"488","Chicago","USA","41.881832","-87.623177","-6.0","0","1"
"489","Chinle","USA","36.1544483","-109.5526072","-7.0","1","1"
"490","Cincinatti","USA","39.103119","-84.512016","-5.0","1","1"
"491","Cleveland","USA","41.505493","-81.68129","-5.0","1","1"
"492","Clifton","USA","40.85843","-74.16376","-5.0","1","1"
"493","Columbia","USA","39.203712","39.203712","-5.0","1","1"
"494","Columbus","USA","39.201439","85.921379","-5.0","0","1"
"496","Cupertino","USA","37.323","-122.03218","-8.0","0","1"
"497","Dallas,texas","USA","32.89748","-97.040443","-6.0","0","1"
"498","Davenport","USA","41.523644","-90.577637","-6.0","0","1"
"499","Deltona","USA","28.90054","-81.26367","-5.0","0","1"
"500","Denver - co","USA","39.742043","-104.991531","-7.0","0","1"
"501","Des Moines","USA","41.619549","-93.598022","-6.0","0","1"
"502","Detroit","USA","42.331429","-83.045753","-5.0","0","1"
"503","Durham - NC","USA","35.994034","-78.89862100000001","-5.0","0","1"
"504","E. Brunswick","USA","40.432838","-74.39907100000001","-5.0","0","1"
"505","E. Stroudsburg","USA","40.986759","-75.194626","-5.0","0","1"
"506","Elgin - IL","USA","42.035408","-88.28257000000001","-6.0","0","1"
"507","Elon - NC","USA","36.1029132","-79.50668949999999","-5.0","0","1"
"508","Erie - PA","USA","42.129223","-80.085060","-5.0","0","1"
"509","Eugene - OR","USA","44.052071","-123.086754","-8.0","0","1"
"510","Fayettville","USA","36","-94.0333333","-5.0","0","1"
"511","Fort Myers","USA","26.640629","-81.87230700000001","-5.0","0","1"
"512","Fremont","USA","37.548271","-121.988571","-8.0","0","1"
"513","Gainesville","USA","29.651634","-82.32482899999999","-5.0","0","1"
"514","Galveston","USA","29.487425","-94.922562","-6.0","0","1"
"515","Gilberts - IL","USA","42.035408","-88.28257000000001","-6.0","0","1"
"516","Grand Detour","USA","42.4","-89.8166667","-6.0","0","1"
"517","Grand rapids","USA","42.963795","-85.670006","-5.0","0","1"
"518","Greensboro","USA","36.044659","-79.76623499999999","-5.0","0","1"
"519","Groton","USA","41.355423","-72.10276","-5.0","0","1"
"520","Hackensack","USA","40.944542","-74.075417","-5.0","0","1"
"521","Hackettstown","USA","40.853989","-74.82905599999999","-5.0","0","1"
"522","Harlingen","USA","26.19063","-97.6961","-6.0","0","1"
"523","Hartford","USA","41.76371","-72.6833333","-5.0","0","1"
"524","High Point","USA","35.95569","-80.00532","-5.0","0","1"
"525","Hightstown","USA","40.26955","-74.52321000000001","-5.0","0","1"
"526","Houston","USA","29.68272","-95.593239","-6.0","0","1"
"527","Hudson","USA","42.252865","-73.790962","-5.0","0","1"
"528","Indianapolis","USA","39.614944","-86.105606","-5.0","0","1"
"529","Jacksonville","USA","30.332184","-81.655647","-5.0","0","1"
"530","Kansas city - ks","USA","39.015697","-94.565559","-6.0","0","1"
"531","Las Vegas","USA","36.114647","-115.172813","-8.0","0","1"
"532","Lawrence","USA","39.848373","-86.035591","-5.0","0","1"
"533","Los angeles","USA","34.052235","-118.243683","-8.0","0","1"
"534","Louisville","USA","38.328732","-85.764771","-5.0","0","1"
"535","Madison","USA","43.073051","-89.40123","-6.0","0","1"
"536","Marshfield","USA","44.668854","-90.17179899999999","-6.0","0","1"
"537","Miami","USA","25.912266","-80.12127700000001","-5.0","0","1"
"538","Milwaukee","USA","43.038902","-87.906471","-6.0","0","1"
"539","Minneapolis","USA","44.986656","-93.258133","-6.0","0","1"
"540","Murfreesboro","USA","35.845621","-86.39027","-6.0","0","1"
"541","New Haven","USA","41.308273","-72.927887","-5.0","0","1"
"542","New Orleans","USA","29.951065","-90.071533","-6.0","0","1"
"543","New york city","USA","40.73061","-73.935242","-5.0","0","1"
"544","Orlando","USA","28.538336","-81.379234","-5.0","0","1"
"545","Palo Alto","USA","37.468319","-122.143936","-8.0","0","1"
"546","Peoria","USA","40.703545","-89.579086","-6.0","0","1"
"547","Philadelphia","USA","39.952583","-75.165222","-5.0","0","1"
"548","Phoenix","USA","33.528839","-112.074036","-7.0","0","1"
"549","Pittsburgh","USA","40.440624","-79.99588799999999","-5.0","0","1"
"550","Portland","USA","45.512794","-122.679565","-8.0","0","1"
"551","Richmond","USA","37.935757","-122.347748","-8.0","0","1"
"552","Ridgefield","USA","41.28148","-73.49818","-5.0","0","1"
"553","Rochester","USA","43.16103","-77.610924","-5.0","0","1"
"554","Sacramento","USA","38.575764","-121.478851","-8.0","0","1"
"555","Salt Lake City","USA","40.758701","-111.876183","-7.0","0","1"
"556","San Antonio","USA","29.424122","-98.493629","-6.0","0","1"
"557","San francisco","USA","37.773972","-122.431297","-8.0","0","1"
"558","Santa Barbara","USA","34.241943","-119.889999","-8.0","0","1"
"559","Sarasota","USA","27.341274","-82.528267","-5.0","0","1"
"560","Seattle","USA","47.608013","-122.335167","-8.0","0","1"
"561","Simi Valley - CA","USA","34.269447","-118.781479","-8.0","0","1"
"562","South Bend","USA","41.697578","-86.22809599999999","-5.0","0","1"
"563","St. Louis","USA","38.627003","-90.19940200000001","-6.0","0","1"
"564","St. Paul","USA","44.954445","-93.091301","-6.0","0","1"
"565","Tampa","USA","27.964157","-82.452606","-5.0","0","1"
"566","Trenton","USA","40.217052","-74.742935","-5.0","0","1"
"567","Tulsa","USA","36.15398","-95.99277499999999","-6.0","0","1"
"568","Tuscaloosa","USA","33.189281","-87.565155","-6.0","0","1"
"569","Tustin - CA","USA","33.745571","-117.867836","-8.0","0","1"
"570","Van Wert","USA","40.8667","-84.58329999999999","-5.0","0","1"
"571","Verona","USA","42.9833","-89.5333","-6.0","0","1"
"572","Washington DC","USA","38.889931","-77.009003","-5.0","0","1"
"573","Watertown - NY","USA","43.974785","-75.910759","-5.0","0","1"
"574","West Chester","USA","39.853886","-75.358658","-5.0","0","1"
"575","Wichita","USA","37.697948","-97.314835","-6.0","0","1"
"576","Worcester","USA","42.591717","-74.75050400000001","-5.0","0","1"
"577","Columbia, sc","USA","34.00071","-81.16372699999999","-5.0","0","1"
"578","Spartansburg","USA","34.94957","-81.93205","-5.0","0","1"
"579","San jose","USA","37.33548","-121.893028","-8.0","0","1"
"580","Jackson","USA","32.298756","-90.184807","-6.0","0","1"
"581","Grand ledge ,mi","USA","42.753228","-85.670006","-5.0","0","1"
"582","Albertson (Newyork)","USA","40.7734341","-73.6431844","-5.0","1","1"
"583","Tucson (Arizona)","USA","32.25346","-110.911789","-7.0","0","1"
"584","Aden","Yemen","12.8","45.033333","3.0","0","1"
"585","Sanaa","Yemen","15.352029","44.207455","3.0","0","1"
"586","Hutaib mubarak","Yemen","15.042239","43.75316","3.0","0","1"
"587","Ibb","Yemen","15.352029","44.207455","3.0","0","1"
"588","Zabeed","Yemen","14.1951","43.31518","3.0","0","1"
"589","Lusaka","Zambia","-15.411899","28.285805","2.0","0","1"
"590","Ndola","Zambia","-12.95867","28.63659","2.0","0","1"
"591","Kitwe","Zambia","-12.8024302","28.2132301","2.0","0","1"
"592","Chipata","Zambia","-13.63333","32.65","2.0","0","1"
"593","Suhagpur","India","23.14096290","77.44222900","5.5","0","1"
"594","Ratangarkheri  mp","India","24.81299575","75.105871","5.5","0","1"
"595","Parda","India","24.53909300","75.15307800","5.5","0","1"
"596","Dharampuri","India","22.16670000","75.35000000","5.5","0","1"
"597","Cagliari","Italy","39.23054","9.11917","1.0","0","1"
"598","Gandhinagar (gj)","India","23.22","72.68","5.5","0","1"
"599","Dayton ohio","USA","39.758949","-84.191605","-5.0","0","1"
"600","Erode tamil nadu","India","11.35000000","77.73330000","5.5","0","1"
"601","Dhoraji (gj)","India","21.7337","70.4499","5.5","0","1"
"602","Richmond hill","Canada","43.8849","-79.43040000000001","-5.0","0","1"
"603","Sambalpur odisha","India","21.47000000","83.97000000","5.5","0","1"
"604","Kurnool (ap)","India","15.83","78.05","5.5","0","1"
"605","Moshi","Tanzania","-3.3499999","37.3333282","3.0","0","1"
"606","Arusha","Tanzania","-3.386925","36.682995","3.0","0","1"
"607","Los gatos,ca","USA","37.2361","-121.9617","-8.0","0","1"
"608","Korogwe","Tanzania","-6","35","3.0","0","1"
"609","Muheza","Tanzania","-5.16667","38.78333","3.0","0","1"
"610","Fatehpur (rj)","India","27.98","74.95","5.5","0","1"
"611","Fatehnagar (rj)","India","24.8572","74.0892","5.5","0","1"
"612","Kukshi","India","22.20000000","74.75000000","5.5","0","1"
"613","Valsad","India","20.63000000","72.93000000","5.5","0","1"
"614","Palghar","India","19.69000000","72.76000000","5.5","0","1"
"615","Dombivalli (mh)","India","19.2184","73.0867","5.5","0","1"
"616","Manasa (mp}","India","24.48371","75.26871","5.5","0","1"
"617","Damoh (mp)","India","23.8365702","79.4322312","5.5","0","1"
"618","Basrah","Iraq","30.5085201","47.7803993","3.0","0","1"
"619","Bhiwandi (mh)","India","19.2967","73.0631","5.5","0","1"
"620","Waterloo","Canada","43.4667","-80.5167","-5.0","0","1"
"621","Dondaicha-warwade","India","21.33330000","74.56670000","5.5","0","1"
"622","Salmiya","Kuwait","29.378586","47.990341","3.0","0","1"
"623","Raipur (cg)","India","21.24000000","81.63000000","5.5","0","1"
"624","San diego ca","USA","32.715736","-117.161087","-8.0","0","1"
"625","Veraval","India","20.90000000","70.37000000","5.5","0","1"
"626","Zanzibar","Tanzania","-6.16394","39.1979294","3.0","0","1"
"627","Warora","India","20.23000000","79.00000000","5.5","0","1"
"628","Bhatapara (cg)","India","21.73837000","81.94802600","5.5","0","1"
"629","Vasai","India","19.46562200","72.80609900","5.5","0","1"
"630","Hubli","India","15.36170000","75.08500000","5.5","0","1"
"631","Khujner","India","23.79000000","76.61000000","5.5","0","1"
"632","Jaffna","Sri Lanka","9.66845","80.00742","5.5","0","1"
"633","Phaltan (mh)","India","17.98000000","74.43000000","5.5","0","1"
"634","Manendragarh (cg)","India","23.19220000","82.20030000","5.5","0","1"
"635","Balasinor (gj)","India","22.95000000","73.33000000","5.5","0","1"
"636","Borsad (gj)","India","22.42000000","72.90000000","5.5","0","1"
"637","Deesa","India","24.25010000","72.18220000","5.5","0","1"
"638","Patan (gj)","India","23.83000000","72.12000000","5.5","0","1"
"639","Bina (mp)","India","24.1763374","78.1963404","5.5","0","1"
"640","Gadarwara","India","22.92000000","78.78000000","5.5","0","1"
"641","Gorakhpur (up)","India","26.75880000","83.36970000","5.5","0","1"
"642","Narsinghgarh (mp)","India","23.70000000","77.10000000","5.5","0","1"
"643","Vidhisha (mp)","India","23.52000000","77.81000000","5.5","0","1"
"644","Chopda (mh)","India","21.25000000","75.30000000","5.5","0","1"
"645","Dharangaon (mh)","India","21.02000000","75.27000000","5.5","0","1"
"646","Jhalod (gj)","India","23.10030000","74.15610000","5.5","0","1"
"647","Maheshwar (mp)","India","22.11000000","75.35000000","5.5","0","1"
"648","Talaja (gj)","India","21.35000000","72.05000000","5.5","0","1"
"649","Partapgarh (rj)","India","24.03000000","74.78000000","5.5","0","1"
"650","Bhilai","India","21.21000000","81.38000000","5.5","0","1"
"651","Malegaon (mh)","India","20.55000000","74.55000000","5.5","0","1"
"652","Barshi (mh)","India","18.23420000","75.69500000","5.5","0","1"
"653","Pardi (gj)","India","20.52000000","72.95000000","5.5","0","1"
"654","Kanor","India","24.43000000","74.27000000","5.5","0","1"
"655","Sailana (mp)","India","23.47000000","74.92000000","5.5","0","1"
"656","Ras al-khaimah","UAE","25.983932","56.075012","4.0","0","1"
"657","Manawar","India","22.23468900","75.08705600","5.5","0","1"
"658","Chital (gj)","India","21.74183430","71.20723210","5.5","0","1"
"659","Dhargndhara (gj)","India","22.98000000","71.47000000","5.5","0","1"
"660","Muzaffarpur (br)","India","26.12000000","85.40000000","5.5","0","1"
"661","Khopoli (mh)","India","18.79140000","73.34420000","5.5","0","1"
"662","Saint-denis","France","48.93333","2.36667","1.0","0","1"
"663","Bhilwara (rj)","India","25.35000000","74.63330000","5.5","0","1"
"664","Amjhera (mp)","India","22.66060800","74.97728990","5.5","0","1"
"665","Badnawar","India","23.02000000","75.22000000","5.5","0","1"
"666","Dhar (mp)","India","22.60000000","75.30000000","5.5","0","1"
"667","Sanavad","India","22.18000000","76.07000000","5.5","0","1"
"668","Manmad","India","20.25000000","74.45000000","5.5","0","1"
"669","Nimbahera","India","24.62000000","74.68000000","5.5","0","1"
"670","Bhinder (rj)","India","24.50000000","74.18000000","5.5","0","1"
"671","Rajod (mp)","India","22.94977730","75.06382990","5.5","0","1"
"672","Middelburg","Netherlands","51.5","3.61389","1.0","0","1"
"673","Jessore","Bangladesh","23.170664","89.212418","6.0","0","1"
"674","Red deer","Canada","52.268112","-113.811241","-7.0","0","1"
"675","Khattalwada","India","20.23520000","72.81020000","5.5","0","1"
"676","Sanjan (gj)","India","20.19350000","72.82070000","5.5","0","1"
"677","Jakarta","Indonesia","-6.1745","106.8227","7.0","0","1"
"678","Gwadar","Pakistan","25.126389","62.322498","5.0","0","1"
"679","Sulawesi","Indonesia","-5.147665","119.432732","8.0","0","1"
"680","Middleburg ohio","USA","41.36144","-81.81291","-5.0","1","1"
"681","New jersey","USA","39.833851","-74.871826","-5.0","0","1"
"682","Rawalpindi","Pakistan","33.626057","73.071442","5.0","0","1"
"683","Hillsborough township","USA","40.4776044","-74.6268245","-5.0","0","1"
"684","Nardana (mh)","India","21.188","74.8259","5.5","0","1"
"685","Dehradun","India","30.31650000","78.03220000","5.5","0","1"
"686","Berhampur (odisha)","India","19.31500000","84.79410000","5.5","0","1"
"687","Saint denis","Reunion","-20.88231000","55.45040000","4.0","0","1"
"688","Hasanfeer(denmaal)","India","23.63892","71.99982","5.5","0","1"
"689","London","Canada","42.9833","-81.25","-5.0","0","1"
"690","London","UK","51.50853","-0.07613200000000001","0.0","0","1"
"691","Hyderabad","India","17.440081","78.491684","5.5","0","1"
"692","Palu","Indonesia","-0.9043","119.8595","8.0","0","1"
"693","Jhabua (mp)","India","22.7697","74.5921","5.5","0","1"
"694","Morondavz","Madagascar","-20.2904","44.3000","3.0","0","1"
"696","Marseille","France","43.2965","5.3698","2.0","0","1"
"697","Kaula pilah","Malaysia","2.7405","102.2489","8.0","0","1"
"698","Gwalior","India","26.2183","78.1828","5.5","0","1"
"699","Botad (gj)","India","22.1704","71.6684","5.5","0","1"
"700","Lulea","Sweden","65.5848","22.1567","1.0","0","1"
"701","Ozar (mp)","India","21.8223","75.2164","5.5","0","1"
"702","Strasbourg","France","48.5734","7.7521","2.0","0","1"
"703","Chiba","Japan","35.60472","140.12333","9.0","0","1"
"704","Sakura","Japan","35.71667","140.23333","9.0","0","1"
"705","Shinagawa tokyo","Japan","35.652832","139.839478","9.0","0","1"
"706","Yokohama tokyo","Japan","35.270","139.390","9.0","0","1"
"708","Irvine ca","USA","33.6846","-117.8265","-8.0","0","1"
"709","Shahadol mp","India","23.3002","81.3569","5.5","0","1"
"710","Shimla","India","31.1048","77.1734","5.5","0","1"
"711","MalÃ©","Maldives","4.1755","73.5093","5.0","0","1"
